INSERT INTO `versions` (version) VALUES (1);

INSERT INTO `intro` (title, year, content) VALUES ('2021 Tân Sửu', 2021, 'Chúc quý khách một năm mới an khang, thịnh vượng');

INSERT INTO `activation_items` (direction, name, content) VALUES (1, 'hồ lô', 'hồ lô mang lại may mắn cho gia chủ'),
                                                             (2, 'cây si', 'cây si mang lại may mắn cho gia chủ'),
                                                             (3, 'gương bát quái', 'gương bát quái mang lại may mắn cho gia chủ'),
                                                             (4, 'tháp văn xương', 'tháp văn xương mang lại may mắn cho gia chủ'),
                                                             (5, 'tượng hổ', 'tượng hổ mang lại may mắn cho gia chủ'),
                                                             (6, 'cầu ngọc', 'cầu ngọc mang lại may mắn cho gia chủ'),
                                                             (7, 'bầu vàng', 'bầu vàng mang lại may mắn cho gia chủ'),
                                                             (8, 'bình rượu', 'bình rượu mang lại may mắn cho gia chủ'),
                                                             (9, 'tượng trâu', 'tượng trâu mang lại may mắn cho gia chủ');

INSERT INTO `activation_principles` (direction, name, phase, content) VALUES (1, 'Trung Cung (Lục Bạch)', 1, 'nội dung chi tiết hướng bắc'),
                                                                  (2, 'Trung Cung (Lục Bạch)', 1, 'nội dung chi tiết hướng đông bắc'),
                                                                  (3, 'Trung Cung (Lục Bạch)', 1, 'nội dung chi tiết hướng đông'),
                                                                  (4, 'Trung Cung (Lục Bạch)', 1, 'nội dung chi tiết hướng đông nam'),
                                                                  (5, 'Trung Cung (Lục Bạch)', 1, 'nội dung chi tiết hướng nam'),
                                                                  (6, 'Trung Cung (Lục Bạch)', 1, 'nội dung chi tiết hướng tây nam'),
                                                                  (7, 'Trung Cung (Lục Bạch)', 1, 'nội dung chi tiết hướng tây'),
                                                                  (8, 'Trung Cung (Lục Bạch)', 1, 'nội dung chi tiết hướng tây bắc'),
                                                                  (9, 'Trung Cung (Lục Bạch)', 1, 'nội dung chi tiết hướng trung cung');
#                                                                   (1, 'Trung Cung (Lục Bạch)', 1, 'nội dung chi tiết hướng bắc');

INSERT INTO `khai_son_lap_huong` (attribute, direction, content) VALUES ('xây mới', 1, 'nội dung xây mới hướng bắc'),
                                                                   ('xây mới', 2, 'nội dung xây mới hướng đông bắc'),
                                                                   ('xây mới', 3, 'nội dung xây mới hướng đông'),
                                                                   ('xây mới', 4, 'nội dung xây mới hướng đông nam'),
                                                                   ('xây mới', 5, 'nội dung xây mới hướng nam'),
                                                                   ('xây mới', 6, 'nội dung xây mới hướng tây nam'),
                                                                   ('xây mới', 7, 'nội dung xây mới hướng tây'),
                                                                   ('xây mới', 8, 'nội dung xây mới hướng tây bắc'),
                                                                   ('xây mới', 9, 'nội dung xây mới hướng trung cung'),
                                                                   ('sửa chữa', 1, 'nội dung sửa chữa hướng bắc'),
                                                                   ('sửa chữa', 2, 'nội dung sửa chữa hướng đông bắc'),
                                                                   ('sửa chữa', 3, 'nội dung sửa chữa hướng đông'),
                                                                   ('sửa chữa', 4, 'nội dung sửa chữa hướng đông nam'),
                                                                   ('sửa chữa', 5, 'nội dung sửa chữa hướng nam'),
                                                                   ('sửa chữa', 6, 'nội dung sửa chữa hướng tây nam'),
                                                                   ('sửa chữa', 7, 'nội dung sửa chữa hướng tây'),
                                                                   ('sửa chữa', 8, 'nội dung sửa chữa hướng tây bắc'),
                                                                   ('sửa chữa', 9, 'nội dung sửa chữa hướng trung cung');
